id;entity;entity_id;event_id;rev_no;field_id;field_type;old_value;new_value;modified_by;modify_date
1;Manat Account parallelism;Rubber next-generation bottom-line;content Generic;30241;Intuitive;New USB lime;calculate;white;2022-05-19T20:48:30;2022-05-20T03:59:23
2;generate platforms brand;calculate;deposit Checking;99241;Incredible;maroon;CSS deposit;Indonesia Branding Caribbean;2022-05-19T21:17:36;2022-05-20T00:47:38
3;cross-platform generate Handcrafted;Avon;high-level programming;52309;Handcrafted copying;Representative magenta Virtual;analyzing;customized Ports next;2022-05-20T10:52:49;2022-05-19T19:11:50
4;Steel Pizza Berkshire;payment;intuitive;18125;Kyat system;back-end;global;Fantastic;2022-05-20T07:54:57;2022-05-19T15:27:35
5;Global Pizza;index;Kids disintermediate invoice;93379;Republic Dynamic;virtual Belarus;intuitive Credit user-centric;Administrator;2022-05-19T18:39:46;2022-05-20T08:08:20
6;plum payment Cambridgeshire;Consultant JBOD Web;Tanzania hardware relationships;86086;relationships Kyat;Arkansas;Home transmitting one-to-one;Buckinghamshire Pennsylvania Central;2022-05-20T10:11:26;2022-05-19T20:30:51
7;Lats;Intelligent Soft target;Boliviano Table SCSI;70089;Orchestrator Direct purple;Surinam Frozen time-frame;compelling robust;up;2022-05-19T16:49:38;2022-05-20T08:36:47
8;parsing compress maroon;olive bluetooth;programming Borders;7465;Corporate Electronics FTP;reinvent;Quality-focused Handmade redundant;Generic Grocery;2022-05-20T06:20:50;2022-05-19T13:59:28
9;Legacy;Awesome Chicken niches;Savings;56577;compressing RAM Intuitive;magnetic incremental;transmit Illinois International;Fully-configurable Exclusive transition;2022-05-20T09:10:53;2022-05-20T08:06:25
10;Health benchmark Dinar;XML PCI Creative;technologies;63817;e-services;GB Handmade;Assistant solutions;Bedfordshire;2022-05-20T06:18:46;2022-05-19T11:40:00
