id;entity;entity_id;event_date;created_by;event_type;description;description_content_type;attachement_uri
1;Licensed blue Steel;cyan;2022-05-19T18:38:02;up Assistant;Granite;../fake-data/blob/hipster.png;image/png;moratorium primary
2;Officer;Grocery;2022-05-20T06:59:02;parse;clicks-and-mortar olive Multi-lateral;../fake-data/blob/hipster.png;image/png;COM
3;Bedfordshire infrastructures;XML Global;2022-05-20T08:36:41;Berkshire Fantastic;Savings;../fake-data/blob/hipster.png;image/png;Account haptic reboot
4;Bedfordshire Fish;Buckinghamshire deposit uniform;2022-05-19T20:47:11;turquoise;invoice Practical;../fake-data/blob/hipster.png;image/png;schemas Parkways Small
5;GB Accountability;Diverse Intuitive;2022-05-20T07:22:59;Identity plum Small;firmware TCP;../fake-data/blob/hipster.png;image/png;Fantastic mindshare Licensed
6;holistic Vermont Fantastic;Organic parsing;2022-05-20T08:36:13;Mission Fresh;Accountability neural-net;../fake-data/blob/hipster.png;image/png;Chips
7;Shoes Avon collaborative;Concrete Fantastic matrix;2022-05-20T08:41:18;parse Prairie Engineer;Bedfordshire;../fake-data/blob/hipster.png;image/png;Representative
8;blue Connecticut digital;intermediate Credit;2022-05-20T04:23:10;payment Loan;Tennessee input;../fake-data/blob/hipster.png;image/png;eyeballs Generic Movies
9;Jewelery Berkshire incentivize;engage;2022-05-19T15:42:42;Soft Rustic;transmit asynchronous;../fake-data/blob/hipster.png;image/png;Montana software sticky
10;Concrete hardware B2B;digital Berkshire interface;2022-05-20T00:13:57;synergy bricks-and-clicks bypassing;Kids;../fake-data/blob/hipster.png;image/png;Coordinator enable hacking
